"DESCRIPTION","DURATION IN MS","NAME","PARENT SUITE","START TIME","STATUS","STOP TIME","SUB SUITE","SUITE","TEST CLASS","TEST METHOD"
"","1","@P2 TC-S07 — HQ toggle is present and defaults to off","chromium","2026-03-17","skipped","2026-03-17","Studio — High Quality Mode","studio\highQuality.spec.js","",""
"","4558","@smoke @P2 TC-H03 — All Videos tab displays a video count greater than zero","mobile-chrome","2026-03-17","passed","2026-03-17","History — All Videos","history\allVideos.spec.js","",""
"","14831","@P1 TC-H06 — Cookie UUID is assigned on first visit","chromium","2026-03-17","passed","2026-03-17","History — Cookie Persistence","history\cookiePersistence.spec.js","",""
"","1939","@P2 TC-S06 — Default aspect ratio is Landscape","mobile-chrome","2026-03-17","passed","2026-03-17","Studio — Aspect Ratio","studio\aspectRatio.spec.js","",""
"","3525","@P1 TC-SF01 — Parse Script button is visible and enabled when script is present","mobile-safari","2026-03-17","passed","2026-03-17","Stock Footage — Script Parsing","stockFootage\scriptParsing.spec.js","",""
"","2157","@P2 TC-H07 — After cookie clear, Your Videos tab shows empty state","mobile-chrome","2026-03-17","passed","2026-03-17","History — Cookie Persistence","history\cookiePersistence.spec.js","",""
"","1","@P1 TC-H01 — Your Videos tab shows only videos matching the current user cookie","firefox","2026-03-17","skipped","2026-03-17","History — Your Videos","history\yourVideos.spec.js","",""
"","4951","@P2 TC-N01 — Clicking Stock Footage nav loads the Stock Footage Generator page","mobile-safari","2026-03-17","passed","2026-03-17","Navigation — Header Links","navigation\navigation.spec.js","",""
"","2725","@P1 TC-H06 — UUID in debug panel matches the browser cookie value","webkit","2026-03-16","passed","2026-03-16","History — Cookie Persistence","history\cookiePersistence.spec.js","",""
"","2701","@P2 TC-H03 — All Videos tab shows videos from multiple different users","mobile-chrome","2026-03-17","passed","2026-03-17","History — All Videos","history\allVideos.spec.js","",""
"","1","@P3 TC-N02 — Navigation does not cause full page reload (SPA routing)","webkit","2026-03-17","skipped","2026-03-17","Navigation — Header Links","navigation\navigation.spec.js","",""
"","0","@P3 TC-N02 — Navigation does not cause full page reload (SPA routing)","firefox","2026-03-17","skipped","2026-03-17","Navigation — Header Links","navigation\navigation.spec.js","",""
"","1","@P1 TC-SF05b — Empty script: submitting shows validation feedback","chromium","2026-03-17","skipped","2026-03-17","Stock Footage — Script Parsing","stockFootage\scriptParsing.spec.js","",""
"","0","@P1 TC-SF01 — Script textarea accepts multi-scene screenplay content","webkit","2026-03-17","skipped","2026-03-17","Stock Footage — Script Parsing","stockFootage\scriptParsing.spec.js","",""
"","2739","@P1 TC-H06 — Cookie UUID is assigned on first visit","mobile-chrome","2026-03-17","passed","2026-03-17","History — Cookie Persistence","history\cookiePersistence.spec.js","",""
"","4995","@smoke @P1 TC-H02 — Empty state is shown for a new user with no videos","webkit","2026-03-16","passed","2026-03-16","History — Your Videos","history\yourVideos.spec.js","",""
"","1855","@P1 TC-SF01 — Script textarea accepts multi-scene screenplay content","mobile-chrome","2026-03-17","passed","2026-03-17","Stock Footage — Script Parsing","stockFootage\scriptParsing.spec.js","",""
"","0","@P1 TC-H01 — Your Videos tab shows only videos matching the current user cookie","chromium","2026-03-17","skipped","2026-03-17","History — Your Videos","history\yourVideos.spec.js","",""
"","1","@P1 TC-SF01 — Parse Script button is visible and enabled when script is present","firefox","2026-03-17","skipped","2026-03-17","Stock Footage — Script Parsing","stockFootage\scriptParsing.spec.js","",""
"","1940","@P2 TC-N01 — App logo/title link returns to Studio from any page","mobile-chrome","2026-03-17","passed","2026-03-17","Navigation — Header Links","navigation\navigation.spec.js","",""
"","0","@P3 TC-H05 — Refresh button reloads video list without full page navigation","chromium","2026-03-17","skipped","2026-03-17","History — All Videos","history\allVideos.spec.js","",""
"","1","@P2 TC-S06 — Can switch to Portrait","firefox","2026-03-17","skipped","2026-03-17","Studio — Aspect Ratio","studio\aspectRatio.spec.js","",""
"","0","@P1 TC-S08b — Empty prompt: submitting shows user-facing validation feedback","webkit","2026-03-17","skipped","2026-03-17","Studio — Direct Prompt","studio\prompt.spec.js","",""
"","0","@P2 TC-SF04 — High Quality warning disappears when toggle is disabled","webkit","2026-03-17","skipped","2026-03-17","Stock Footage — Generation Settings","stockFootage\generationSettings.spec.js","",""
"","3449","@P2 TC-N01 — Clicking Stock Footage nav loads the Stock Footage Generator page","webkit","2026-03-16","passed","2026-03-16","Navigation — Header Links","navigation\navigation.spec.js","",""
"","5785","@smoke @P2 TC-H03 — All Videos tab displays a video count greater than zero","mobile-safari","2026-03-17","passed","2026-03-17","History — All Videos","history\allVideos.spec.js","",""
"","13986","@P2 TC-H03 — All Videos tab shows videos from multiple different users","mobile-safari","2026-03-17","passed","2026-03-17","History — All Videos","history\allVideos.spec.js","",""
"","7260","@P1 TC-H06 — Cookie UUID is assigned on first visit","firefox","2026-03-16","passed","2026-03-16","History — Cookie Persistence","history\cookiePersistence.spec.js","",""
"","4960","@P1 TC-H06 — UUID in debug panel matches the browser cookie value","mobile-safari","2026-03-17","failed","2026-03-17","History — Cookie Persistence","history\cookiePersistence.spec.js","",""
"","1","@P2 TC-H07 — After cookie clear, Your Videos tab shows empty state","firefox","2026-03-17","skipped","2026-03-17","History — Cookie Persistence","history\cookiePersistence.spec.js","",""
"","12149","@P3 TC-H05 — Refresh button reloads video list without full page navigation","mobile-safari","2026-03-17","passed","2026-03-17","History — All Videos","history\allVideos.spec.js","",""
"","1814","@P2 TC-S07 — HQ toggle can be disabled after enabling","mobile-chrome","2026-03-17","passed","2026-03-17","Studio — High Quality Mode","studio\highQuality.spec.js","",""
"","2011","@P2 TC-S07 — HQ toggle can be enabled","mobile-chrome","2026-03-17","passed","2026-03-17","Studio — High Quality Mode","studio\highQuality.spec.js","",""
"","0","@P2 TC-S06 — Can switch back to Landscape from Portrait","chromium","2026-03-17","skipped","2026-03-17","Studio — Aspect Ratio","studio\aspectRatio.spec.js","",""
"","0","@P2 TC-SF03 — Settings applied: 12s-portrait-hq","chromium","2026-03-17","skipped","2026-03-17","Stock Footage — Generation Settings","stockFootage\generationSettings.spec.js","",""
"","4868","@smoke @P1 TC-H02 — Empty state is shown for a new user with no videos","mobile-safari","2026-03-17","passed","2026-03-17","History — Your Videos","history\yourVideos.spec.js","",""
"","0","@P2 TC-S04 — Value 0 is rejected or clamped to minimum","firefox","2026-03-17","skipped","2026-03-17","Studio — Video Count","studio\videoCount.spec.js","",""
"","1897","@P1 TC-S08a — Empty prompt: generate button is disabled","mobile-safari","2026-03-17","passed","2026-03-17","Studio — Direct Prompt","studio\prompt.spec.js","",""
"","1","@P2 TC-H04 — First video card contains a cookie ID","chromium","2026-03-17","skipped","2026-03-17","History — All Videos","history\allVideos.spec.js","",""
"","3819","@P2 TC-SF03 — Settings applied: 4s-landscape-standard","mobile-safari","2026-03-17","passed","2026-03-17","Stock Footage — Generation Settings","stockFootage\generationSettings.spec.js","",""
"","3797","@P2 TC-SF04 — High Quality warning disappears when toggle is disabled","mobile-safari","2026-03-17","passed","2026-03-17","Stock Footage — Generation Settings","stockFootage\generationSettings.spec.js","",""
"","0","@P1 TC-S03 — Count 1 (minimum (1)) updates generate button label","chromium","2026-03-17","skipped","2026-03-17","Studio — Video Count","studio\videoCount.spec.js","",""
"","4250","@smoke @P2 TC-N01 — All three nav links are visible in the header","mobile-safari","2026-03-17","passed","2026-03-17","Navigation — Header Links","navigation\navigation.spec.js","",""
"","0","@P2 TC-S07 — HQ toggle can be enabled","firefox","2026-03-17","skipped","2026-03-17","Studio — High Quality Mode","studio\highQuality.spec.js","",""
"","0","@P2 TC-H04 — First video card contains a cookie ID","webkit","2026-03-17","skipped","2026-03-17","History — All Videos","history\allVideos.spec.js","",""
"","6","@P2 TC-S06 — Default aspect ratio is Landscape","webkit","2026-03-17","skipped","2026-03-17","Studio — Aspect Ratio","studio\aspectRatio.spec.js","",""
"","1","@P2 TC-S06 — Can switch back to Landscape from Portrait","webkit","2026-03-17","skipped","2026-03-17","Studio — Aspect Ratio","studio\aspectRatio.spec.js","",""
"","0","@P2 TC-H07 — Clearing cookies results in a new UUID on revisit","chromium","2026-03-17","skipped","2026-03-17","History — Cookie Persistence","history\cookiePersistence.spec.js","",""
"","2059","@P2 TC-H07 — Clearing cookies results in a new UUID on revisit","mobile-chrome","2026-03-17","passed","2026-03-17","History — Cookie Persistence","history\cookiePersistence.spec.js","",""
"","9006","@smoke @P2 TC-H03 — All Videos tab displays a video count greater than zero","webkit","2026-03-16","passed","2026-03-16","History — All Videos","history\allVideos.spec.js","",""
"","0","@P2 TC-S07 — HQ toggle can be disabled after enabling","chromium","2026-03-17","skipped","2026-03-17","Studio — High Quality Mode","studio\highQuality.spec.js","",""
"","1714","@P2 TC-S04 — Value 6 is rejected or clamped to maximum","mobile-chrome","2026-03-17","passed","2026-03-17","Studio — Video Count","studio\videoCount.spec.js","",""
"","3224","@P2 TC-N01 — Clicking Stock Footage nav loads the Stock Footage Generator page","firefox","2026-03-16","passed","2026-03-16","Navigation — Header Links","navigation\navigation.spec.js","",""
"","1834","@P2 TC-S06 — Can switch back to Landscape from Portrait","mobile-chrome","2026-03-17","passed","2026-03-17","Studio — Aspect Ratio","studio\aspectRatio.spec.js","",""
"","1","@P2 TC-H07 — Clearing cookies results in a new UUID on revisit","firefox","2026-03-17","skipped","2026-03-17","History — Cookie Persistence","history\cookiePersistence.spec.js","",""
"","1757","@P2 TC-N01 — Clicking History nav loads the History page","mobile-chrome","2026-03-17","passed","2026-03-17","Navigation — Header Links","navigation\navigation.spec.js","",""
"","11001","@smoke @P2 TC-H03 — All Videos tab displays a video count greater than zero","firefox","2026-03-16","passed","2026-03-16","History — All Videos","history\allVideos.spec.js","",""
"","0","@P1 TC-S03 — Count 3 (default (3)) updates generate button label","firefox","2026-03-17","skipped","2026-03-17","Studio — Video Count","studio\videoCount.spec.js","",""
"","1593","@P1 TC-S01 — Prompt textarea accepts input and generate button is present","mobile-chrome","2026-03-17","passed","2026-03-17","Studio — Direct Prompt","studio\prompt.spec.js","",""
"","4122","@P2 TC-H07 — After cookie clear, Your Videos tab shows empty state","mobile-safari","2026-03-17","passed","2026-03-17","History — Cookie Persistence","history\cookiePersistence.spec.js","",""
"","0","@P1 TC-SF01 — Script textarea accepts multi-scene screenplay content","chromium","2026-03-17","skipped","2026-03-17","Stock Footage — Script Parsing","stockFootage\scriptParsing.spec.js","",""
"","0","@P1 TC-S01 — Generate button label reflects default video count of 3","chromium","2026-03-17","skipped","2026-03-17","Studio — Direct Prompt","studio\prompt.spec.js","",""
"","2383","@P2 TC-S07 — HQ toggle is present and defaults to off","mobile-safari","2026-03-17","passed","2026-03-17","Studio — High Quality Mode","studio\highQuality.spec.js","",""
"","2851","@P2 TC-H04 — First video card contains a cookie ID","mobile-chrome","2026-03-17","passed","2026-03-17","History — All Videos","history\allVideos.spec.js","",""
"","3048","@P1 TC-H06 — UUID in debug panel matches the browser cookie value","firefox","2026-03-16","passed","2026-03-16","History — Cookie Persistence","history\cookiePersistence.spec.js","",""
"","0","@P3 TC-H05 — Refresh button reloads video list without full page navigation","webkit","2026-03-17","skipped","2026-03-17","History — All Videos","history\allVideos.spec.js","",""
"","1971","@P2 TC-S07 — HQ toggle is present and defaults to off","mobile-chrome","2026-03-17","passed","2026-03-17","Studio — High Quality Mode","studio\highQuality.spec.js","",""
"","0","@P1 TC-S03 — Count 3 (default (3)) updates generate button label","webkit","2026-03-17","skipped","2026-03-17","Studio — Video Count","studio\videoCount.spec.js","",""
"","1","@P3 TC-H05 — Refresh button reloads video list without full page navigation","firefox","2026-03-17","skipped","2026-03-17","History — All Videos","history\allVideos.spec.js","",""
"","1","@P1 TC-SF05a — Empty script: Parse Script button is disabled","webkit","2026-03-17","skipped","2026-03-17","Stock Footage — Script Parsing","stockFootage\scriptParsing.spec.js","",""
"","1","@P2 TC-S06 — Default aspect ratio is Landscape","firefox","2026-03-17","skipped","2026-03-17","Studio — Aspect Ratio","studio\aspectRatio.spec.js","",""
"","0","@P1 TC-S03 — Count 5 (maximum (5)) updates generate button label","chromium","2026-03-17","skipped","2026-03-17","Studio — Video Count","studio\videoCount.spec.js","",""
"","0","@smoke @P1 TC-S01 — Studio page loads with correct heading","firefox","2026-03-17","skipped","2026-03-17","Studio — Direct Prompt","studio\prompt.spec.js","",""
"","0","@P2 TC-SF03 — Settings applied: 12s-portrait-hq","firefox","2026-03-17","skipped","2026-03-17","Stock Footage — Generation Settings","stockFootage\generationSettings.spec.js","",""
"","2120","@P1 TC-S01 — Generate button label reflects default video count of 3","mobile-safari","2026-03-17","passed","2026-03-17","Studio — Direct Prompt","studio\prompt.spec.js","",""
"","1515","@smoke @P1 TC-SF01 — Stock Footage page loads with correct heading","mobile-chrome","2026-03-17","passed","2026-03-17","Stock Footage — Script Parsing","stockFootage\scriptParsing.spec.js","",""
"","0","@P2 TC-S07 — HQ toggle can be disabled after enabling","firefox","2026-03-17","skipped","2026-03-17","Studio — High Quality Mode","studio\highQuality.spec.js","",""
"","1586","@P2 TC-S04 — Value 6 is rejected or clamped to maximum","mobile-safari","2026-03-17","passed","2026-03-17","Studio — Video Count","studio\videoCount.spec.js","",""
"","2806","@smoke @P1 TC-H02 — Empty state is shown for a new user with no videos","mobile-chrome","2026-03-17","passed","2026-03-17","History — Your Videos","history\yourVideos.spec.js","",""
"","0","@P1 TC-SF05a — Empty script: Parse Script button is disabled","firefox","2026-03-17","skipped","2026-03-17","Stock Footage — Script Parsing","stockFootage\scriptParsing.spec.js","",""
"","0","@P2 TC-H03 — All Videos tab shows videos from multiple different users","webkit","2026-03-17","skipped","2026-03-17","History — All Videos","history\allVideos.spec.js","",""
"","1","@P1 TC-H01 — Your Videos tab shows only videos matching the current user cookie","webkit","2026-03-17","skipped","2026-03-17","History — Your Videos","history\yourVideos.spec.js","",""
"","3357","@smoke @P1 TC-SF01 — Stock Footage page loads with correct heading","mobile-safari","2026-03-17","passed","2026-03-17","Stock Footage — Script Parsing","stockFootage\scriptParsing.spec.js","",""
"","0","@P1 TC-SF05b — Empty script: submitting shows validation feedback","firefox","2026-03-17","skipped","2026-03-17","Stock Footage — Script Parsing","stockFootage\scriptParsing.spec.js","",""
"","0","@P1 TC-SF01 — Parse Script button is visible and enabled when script is present","chromium","2026-03-17","skipped","2026-03-17","Stock Footage — Script Parsing","stockFootage\scriptParsing.spec.js","",""
"","1402","@P1 TC-S03 — Count 3 (default (3)) updates generate button label","mobile-chrome","2026-03-17","passed","2026-03-17","Studio — Video Count","studio\videoCount.spec.js","",""
"","1","@P2 TC-SF03 — Settings applied: 8s-portrait-standard","webkit","2026-03-17","skipped","2026-03-17","Stock Footage — Generation Settings","stockFootage\generationSettings.spec.js","",""
"","2137","@P2 TC-SF03 — Settings applied: 4s-landscape-standard","mobile-chrome","2026-03-17","passed","2026-03-17","Stock Footage — Generation Settings","stockFootage\generationSettings.spec.js","",""
"","1958","@P2 TC-SF03 — Settings applied: 8s-portrait-standard","mobile-chrome","2026-03-17","passed","2026-03-17","Stock Footage — Generation Settings","stockFootage\generationSettings.spec.js","",""
"","0","@P1 TC-SF05a — Empty script: Parse Script button is disabled","chromium","2026-03-17","skipped","2026-03-17","Stock Footage — Script Parsing","stockFootage\scriptParsing.spec.js","",""
"","2462","@P1 TC-S03 — Count 1 (minimum (1)) updates generate button label","mobile-safari","2026-03-17","passed","2026-03-17","Studio — Video Count","studio\videoCount.spec.js","",""
"","1635","@P3 TC-N02 — Navigation does not cause full page reload (SPA routing)","mobile-chrome","2026-03-17","passed","2026-03-17","Navigation — Header Links","navigation\navigation.spec.js","",""
"","1319","@P1 TC-S08a — Empty prompt: generate button is disabled","mobile-chrome","2026-03-17","passed","2026-03-17","Studio — Direct Prompt","studio\prompt.spec.js","",""
"","0","@P2 TC-H04 — First video card contains a cookie ID","firefox","2026-03-17","skipped","2026-03-17","History — All Videos","history\allVideos.spec.js","",""
"","1","@P1 TC-SF01 — Script textarea accepts multi-scene screenplay content","firefox","2026-03-17","skipped","2026-03-17","Stock Footage — Script Parsing","stockFootage\scriptParsing.spec.js","",""
"","1753","@P1 TC-SF05b — Empty script: submitting shows validation feedback","mobile-chrome","2026-03-17","skipped","2026-03-17","Stock Footage — Script Parsing","stockFootage\scriptParsing.spec.js","",""
"","0","@P2 TC-N01 — Clicking History nav loads the History page","webkit","2026-03-17","skipped","2026-03-17","Navigation — Header Links","navigation\navigation.spec.js","",""
"","0","@P2 TC-S04 — Value 6 is rejected or clamped to maximum","webkit","2026-03-17","skipped","2026-03-17","Studio — Video Count","studio\videoCount.spec.js","",""
"","0","@P2 TC-N01 — App logo/title link returns to Studio from any page","firefox","2026-03-17","skipped","2026-03-17","Navigation — Header Links","navigation\navigation.spec.js","",""
"","2363","@P1 TC-H01 — Your Videos tab shows only videos matching the current user cookie","mobile-chrome","2026-03-17","passed","2026-03-17","History — Your Videos","history\yourVideos.spec.js","",""
"","2418","@smoke @P1 TC-S01 — Studio page loads with correct heading","mobile-safari","2026-03-17","passed","2026-03-17","Studio — Direct Prompt","studio\prompt.spec.js","",""
"","0","@P1 TC-S08b — Empty prompt: submitting shows user-facing validation feedback","firefox","2026-03-17","skipped","2026-03-17","Studio — Direct Prompt","studio\prompt.spec.js","",""
"","1","@P2 TC-N01 — App logo/title link returns to Studio from any page","chromium","2026-03-17","skipped","2026-03-17","Navigation — Header Links","navigation\navigation.spec.js","",""
"","1","@P1 TC-S08a — Empty prompt: generate button is disabled","firefox","2026-03-17","skipped","2026-03-17","Studio — Direct Prompt","studio\prompt.spec.js","",""
"","2695","@P1 TC-SF05a — Empty script: Parse Script button is disabled","mobile-safari","2026-03-17","passed","2026-03-17","Stock Footage — Script Parsing","stockFootage\scriptParsing.spec.js","",""
"","3180","@smoke @P2 TC-N01 — All three nav links are visible in the header","firefox","2026-03-16","passed","2026-03-16","Navigation — Header Links","navigation\navigation.spec.js","",""
"","2526","@P2 TC-N01 — Clicking History nav loads the History page","mobile-safari","2026-03-17","passed","2026-03-17","Navigation — Header Links","navigation\navigation.spec.js","",""
"","1682","@P1 TC-S08b — Empty prompt: submitting shows user-facing validation feedback","mobile-safari","2026-03-17","skipped","2026-03-17","Studio — Direct Prompt","studio\prompt.spec.js","",""
"","0","@smoke @P1 TC-SF01 — Stock Footage page loads with correct heading","webkit","2026-03-17","skipped","2026-03-17","Stock Footage — Script Parsing","stockFootage\scriptParsing.spec.js","",""
"","0","@smoke @P1 TC-SF01 — Stock Footage page loads with correct heading","firefox","2026-03-17","skipped","2026-03-17","Stock Footage — Script Parsing","stockFootage\scriptParsing.spec.js","",""
"","0","@P1 TC-S01 — Prompt textarea accepts input and generate button is present","chromium","2026-03-17","skipped","2026-03-17","Studio — Direct Prompt","studio\prompt.spec.js","",""
"","0","@P2 TC-SF03 — Settings applied: 8s-portrait-standard","chromium","2026-03-17","skipped","2026-03-17","Stock Footage — Generation Settings","stockFootage\generationSettings.spec.js","",""
"","0","@P1 TC-S01 — Prompt textarea accepts input and generate button is present","firefox","2026-03-17","skipped","2026-03-17","Studio — Direct Prompt","studio\prompt.spec.js","",""
"","20514","@smoke @P2 TC-H03 — All Videos tab displays a video count greater than zero","chromium","2026-03-17","failed","2026-03-17","History — All Videos","history\allVideos.spec.js","",""
"","1","@P2 TC-S04 — Value 0 is rejected or clamped to minimum","webkit","2026-03-17","skipped","2026-03-17","Studio — Video Count","studio\videoCount.spec.js","",""
"","1","@P2 TC-S07 — HQ toggle can be enabled","chromium","2026-03-17","skipped","2026-03-17","Studio — High Quality Mode","studio\highQuality.spec.js","",""
"","0","@P3 TC-N02 — Navigation does not cause full page reload (SPA routing)","chromium","2026-03-17","skipped","2026-03-17","Navigation — Header Links","navigation\navigation.spec.js","",""
"","3389","@P1 TC-H06 — Cookie UUID is assigned on first visit","mobile-safari","2026-03-17","passed","2026-03-17","History — Cookie Persistence","history\cookiePersistence.spec.js","",""
"","1","@P2 TC-SF03 — Settings applied: 8s-portrait-standard","firefox","2026-03-17","skipped","2026-03-17","Stock Footage — Generation Settings","stockFootage\generationSettings.spec.js","",""
"","0","@P2 TC-H03 — All Videos tab shows videos from multiple different users","chromium","2026-03-17","skipped","2026-03-17","History — All Videos","history\allVideos.spec.js","",""
"","1735","@P2 TC-S06 — Can switch to Portrait","mobile-chrome","2026-03-17","passed","2026-03-17","Studio — Aspect Ratio","studio\aspectRatio.spec.js","",""
"","2703","@P3 TC-N02 — Navigation does not cause full page reload (SPA routing)","mobile-safari","2026-03-17","passed","2026-03-17","Navigation — Header Links","navigation\navigation.spec.js","",""
"","1","@P2 TC-S07 — HQ toggle is present and defaults to off","firefox","2026-03-17","skipped","2026-03-17","Studio — High Quality Mode","studio\highQuality.spec.js","",""
"","0","@P2 TC-N01 — Clicking History nav loads the History page","firefox","2026-03-17","skipped","2026-03-17","Navigation — Header Links","navigation\navigation.spec.js","",""
"","1","@P2 TC-H07 — After cookie clear, Your Videos tab shows empty state","chromium","2026-03-17","skipped","2026-03-17","History — Cookie Persistence","history\cookiePersistence.spec.js","",""
"","1","@P2 TC-SF03 — Settings applied: 4s-landscape-standard","firefox","2026-03-17","skipped","2026-03-17","Stock Footage — Generation Settings","stockFootage\generationSettings.spec.js","",""
"","3014","@P2 TC-SF03 — Settings applied: 12s-portrait-hq","mobile-safari","2026-03-17","passed","2026-03-17","Stock Footage — Generation Settings","stockFootage\generationSettings.spec.js","",""
"","0","@P2 TC-S04 — Value 6 is rejected or clamped to maximum","firefox","2026-03-17","skipped","2026-03-17","Studio — Video Count","studio\videoCount.spec.js","",""
"","1834","@P2 TC-N01 — Clicking Stock Footage nav loads the Stock Footage Generator page","mobile-chrome","2026-03-17","passed","2026-03-17","Navigation — Header Links","navigation\navigation.spec.js","",""
"","2853","@P2 TC-S06 — Default aspect ratio is Landscape","mobile-safari","2026-03-17","passed","2026-03-17","Studio — Aspect Ratio","studio\aspectRatio.spec.js","",""
"","1435","@P2 TC-S04 — Value 0 is rejected or clamped to minimum","mobile-chrome","2026-03-17","passed","2026-03-17","Studio — Video Count","studio\videoCount.spec.js","",""
"","1902","@P2 TC-N01 — Clicking Studio nav returns to the Studio page","mobile-chrome","2026-03-17","passed","2026-03-17","Navigation — Header Links","navigation\navigation.spec.js","",""
"","8984","@smoke @P2 TC-N01 — All three nav links are visible in the header","chromium","2026-03-17","passed","2026-03-17","Navigation — Header Links","navigation\navigation.spec.js","",""
"","0","@P2 TC-SF04 — High Quality warning is shown when toggle is enabled","chromium","2026-03-17","skipped","2026-03-17","Stock Footage — Generation Settings","stockFootage\generationSettings.spec.js","",""
"","0","@P2 TC-SF04 — High Quality warning disappears when toggle is disabled","firefox","2026-03-17","skipped","2026-03-17","Stock Footage — Generation Settings","stockFootage\generationSettings.spec.js","",""
"","0","@P2 TC-SF04 — High Quality warning is shown when toggle is enabled","webkit","2026-03-17","skipped","2026-03-17","Stock Footage — Generation Settings","stockFootage\generationSettings.spec.js","",""
"","2866","@P3 TC-H05 — Refresh button reloads video list without full page navigation","mobile-chrome","2026-03-17","passed","2026-03-17","History — All Videos","history\allVideos.spec.js","",""
"","1","@P1 TC-SF05b — Empty script: submitting shows validation feedback","webkit","2026-03-17","skipped","2026-03-17","Stock Footage — Script Parsing","stockFootage\scriptParsing.spec.js","",""
"","0","@P1 TC-S08a — Empty prompt: generate button is disabled","webkit","2026-03-17","skipped","2026-03-17","Studio — Direct Prompt","studio\prompt.spec.js","",""
"","0","@P1 TC-S08b — Empty prompt: submitting shows user-facing validation feedback","chromium","2026-03-17","skipped","2026-03-17","Studio — Direct Prompt","studio\prompt.spec.js","",""
"","2709","@P2 TC-SF03 — Settings applied: 12s-portrait-hq","mobile-chrome","2026-03-17","passed","2026-03-17","Stock Footage — Generation Settings","stockFootage\generationSettings.spec.js","",""
"","0","@P2 TC-SF03 — Settings applied: 12s-portrait-hq","webkit","2026-03-17","skipped","2026-03-17","Stock Footage — Generation Settings","stockFootage\generationSettings.spec.js","",""
"","0","@P2 TC-S07 — HQ toggle is present and defaults to off","webkit","2026-03-17","skipped","2026-03-17","Studio — High Quality Mode","studio\highQuality.spec.js","",""
"","1450","@P1 TC-S03 — Count 5 (maximum (5)) updates generate button label","mobile-chrome","2026-03-17","passed","2026-03-17","Studio — Video Count","studio\videoCount.spec.js","",""
"","5349","@P2 TC-SF04 — High Quality warning is shown when toggle is enabled","mobile-safari","2026-03-17","passed","2026-03-17","Stock Footage — Generation Settings","stockFootage\generationSettings.spec.js","",""
"","0","@P2 TC-H07 — Clearing cookies results in a new UUID on revisit","webkit","2026-03-17","skipped","2026-03-17","History — Cookie Persistence","history\cookiePersistence.spec.js","",""
"","0","@smoke @P1 TC-S01 — Studio page loads with correct heading","webkit","2026-03-17","skipped","2026-03-17","Studio — Direct Prompt","studio\prompt.spec.js","",""
"","0","@smoke @P1 TC-SF01 — Stock Footage page loads with correct heading","chromium","2026-03-17","skipped","2026-03-17","Stock Footage — Script Parsing","stockFootage\scriptParsing.spec.js","",""
"","0","@P2 TC-S06 — Default aspect ratio is Landscape","chromium","2026-03-17","skipped","2026-03-17","Studio — Aspect Ratio","studio\aspectRatio.spec.js","",""
"","1","@P2 TC-S06 — Can switch back to Landscape from Portrait","firefox","2026-03-17","skipped","2026-03-17","Studio — Aspect Ratio","studio\aspectRatio.spec.js","",""
"","0","@P1 TC-S03 — Count 3 (default (3)) updates generate button label","chromium","2026-03-17","skipped","2026-03-17","Studio — Video Count","studio\videoCount.spec.js","",""
"","1","@P2 TC-S07 — HQ toggle can be enabled","webkit","2026-03-17","skipped","2026-03-17","Studio — High Quality Mode","studio\highQuality.spec.js","",""
"","4148","@P2 TC-N01 — App logo/title link returns to Studio from any page","mobile-safari","2026-03-17","passed","2026-03-17","Navigation — Header Links","navigation\navigation.spec.js","",""
"","0","@P1 TC-S03 — Count 5 (maximum (5)) updates generate button label","webkit","2026-03-17","skipped","2026-03-17","Studio — Video Count","studio\videoCount.spec.js","",""
"","2341","@P1 TC-S01 — Prompt textarea accepts input and generate button is present","mobile-safari","2026-03-17","passed","2026-03-17","Studio — Direct Prompt","studio\prompt.spec.js","",""
"","2063","@P2 TC-N01 — Clicking Studio nav returns to the Studio page","mobile-safari","2026-03-17","passed","2026-03-17","Navigation — Header Links","navigation\navigation.spec.js","",""
"","0","@P2 TC-SF03 — Settings applied: 4s-landscape-standard","chromium","2026-03-17","skipped","2026-03-17","Stock Footage — Generation Settings","stockFootage\generationSettings.spec.js","",""
"","4348","@P2 TC-N01 — Clicking Stock Footage nav loads the Stock Footage Generator page","chromium","2026-03-17","failed","2026-03-17","Navigation — Header Links","navigation\navigation.spec.js","",""
"","1775","@P1 TC-SF05a — Empty script: Parse Script button is disabled","mobile-chrome","2026-03-17","passed","2026-03-17","Stock Footage — Script Parsing","stockFootage\scriptParsing.spec.js","",""
"","3962","@P2 TC-H04 — First video card contains a cookie ID","mobile-safari","2026-03-17","passed","2026-03-17","History — All Videos","history\allVideos.spec.js","",""
"","0","@P2 TC-S04 — Value 6 is rejected or clamped to maximum","chromium","2026-03-17","skipped","2026-03-17","Studio — Video Count","studio\videoCount.spec.js","",""
"","3593","@smoke @P2 TC-N01 — All three nav links are visible in the header","webkit","2026-03-16","passed","2026-03-16","Navigation — Header Links","navigation\navigation.spec.js","",""
"","1876","@smoke @P1 TC-S01 — Studio page loads with correct heading","mobile-chrome","2026-03-17","passed","2026-03-17","Studio — Direct Prompt","studio\prompt.spec.js","",""
"","1804","@P2 TC-SF04 — High Quality warning disappears when toggle is disabled","mobile-chrome","2026-03-17","passed","2026-03-17","Stock Footage — Generation Settings","stockFootage\generationSettings.spec.js","",""
"","2161","@P1 TC-S03 — Count 5 (maximum (5)) updates generate button label","mobile-safari","2026-03-17","passed","2026-03-17","Studio — Video Count","studio\videoCount.spec.js","",""
"","0","@P1 TC-S01 — Generate button label reflects default video count of 3","webkit","2026-03-17","skipped","2026-03-17","Studio — Direct Prompt","studio\prompt.spec.js","",""
"","0","@P1 TC-S03 — Count 1 (minimum (1)) updates generate button label","webkit","2026-03-17","skipped","2026-03-17","Studio — Video Count","studio\videoCount.spec.js","",""
"","2622","@P2 TC-S07 — HQ toggle can be disabled after enabling","mobile-safari","2026-03-17","passed","2026-03-17","Studio — High Quality Mode","studio\highQuality.spec.js","",""
"","4310","@P1 TC-H01 — Your Videos tab shows only videos matching the current user cookie","mobile-safari","2026-03-17","passed","2026-03-17","History — Your Videos","history\yourVideos.spec.js","",""
"","1978","@P1 TC-SF01 — Parse Script button is visible and enabled when script is present","mobile-chrome","2026-03-17","passed","2026-03-17","Stock Footage — Script Parsing","stockFootage\scriptParsing.spec.js","",""
"","5364","@P1 TC-H06 — UUID in debug panel matches the browser cookie value","chromium","2026-03-17","failed","2026-03-17","History — Cookie Persistence","history\cookiePersistence.spec.js","",""
"","1","@P2 TC-SF03 — Settings applied: 4s-landscape-standard","webkit","2026-03-17","skipped","2026-03-17","Stock Footage — Generation Settings","stockFootage\generationSettings.spec.js","",""
"","0","@P2 TC-SF04 — High Quality warning is shown when toggle is enabled","firefox","2026-03-17","skipped","2026-03-17","Stock Footage — Generation Settings","stockFootage\generationSettings.spec.js","",""
"","0","@P1 TC-S08a — Empty prompt: generate button is disabled","chromium","2026-03-17","skipped","2026-03-17","Studio — Direct Prompt","studio\prompt.spec.js","",""
"","0","@P2 TC-S04 — Value 0 is rejected or clamped to minimum","chromium","2026-03-17","skipped","2026-03-17","Studio — Video Count","studio\videoCount.spec.js","",""
"","0","@P1 TC-S03 — Count 1 (minimum (1)) updates generate button label","firefox","2026-03-17","skipped","2026-03-17","Studio — Video Count","studio\videoCount.spec.js","",""
"","4116","@P1 TC-H06 — Cookie UUID is assigned on first visit","webkit","2026-03-16","passed","2026-03-16","History — Cookie Persistence","history\cookiePersistence.spec.js","",""
"","0","@P2 TC-N01 — Clicking History nav loads the History page","chromium","2026-03-17","skipped","2026-03-17","Navigation — Header Links","navigation\navigation.spec.js","",""
"","1695","@P1 TC-S08b — Empty prompt: submitting shows user-facing validation feedback","mobile-chrome","2026-03-17","skipped","2026-03-17","Studio — Direct Prompt","studio\prompt.spec.js","",""
"","2241","@P2 TC-SF04 — High Quality warning is shown when toggle is enabled","mobile-chrome","2026-03-17","passed","2026-03-17","Stock Footage — Generation Settings","stockFootage\generationSettings.spec.js","",""
"","20476","@smoke @P1 TC-H02 — Empty state is shown for a new user with no videos","chromium","2026-03-17","failed","2026-03-17","History — Your Videos","history\yourVideos.spec.js","",""
"","2157","@P1 TC-H06 — UUID in debug panel matches the browser cookie value","mobile-chrome","2026-03-17","passed","2026-03-17","History — Cookie Persistence","history\cookiePersistence.spec.js","",""
"","0","@smoke @P1 TC-S01 — Studio page loads with correct heading","chromium","2026-03-17","skipped","2026-03-17","Studio — Direct Prompt","studio\prompt.spec.js","",""
"","3064","@P2 TC-S06 — Can switch to Portrait","mobile-safari","2026-03-17","passed","2026-03-17","Studio — Aspect Ratio","studio\aspectRatio.spec.js","",""
"","5469","@P2 TC-H07 — Clearing cookies results in a new UUID on revisit","mobile-safari","2026-03-17","passed","2026-03-17","History — Cookie Persistence","history\cookiePersistence.spec.js","",""
"","1","@P2 TC-H07 — After cookie clear, Your Videos tab shows empty state","webkit","2026-03-17","skipped","2026-03-17","History — Cookie Persistence","history\cookiePersistence.spec.js","",""
"","0","@P2 TC-N01 — Clicking Studio nav returns to the Studio page","firefox","2026-03-17","skipped","2026-03-17","Navigation — Header Links","navigation\navigation.spec.js","",""
"","0","@P1 TC-S01 — Generate button label reflects default video count of 3","firefox","2026-03-17","skipped","2026-03-17","Studio — Direct Prompt","studio\prompt.spec.js","",""
"","0","@P2 TC-N01 — App logo/title link returns to Studio from any page","webkit","2026-03-17","skipped","2026-03-17","Navigation — Header Links","navigation\navigation.spec.js","",""
"","3640","@P1 TC-SF01 — Script textarea accepts multi-scene screenplay content","mobile-safari","2026-03-17","passed","2026-03-17","Stock Footage — Script Parsing","stockFootage\scriptParsing.spec.js","",""
"","1","@P2 TC-H03 — All Videos tab shows videos from multiple different users","firefox","2026-03-17","skipped","2026-03-17","History — All Videos","history\allVideos.spec.js","",""
"","1844","@P1 TC-S01 — Generate button label reflects default video count of 3","mobile-chrome","2026-03-17","passed","2026-03-17","Studio — Direct Prompt","studio\prompt.spec.js","",""
"","10580","@smoke @P1 TC-H02 — Empty state is shown for a new user with no videos","firefox","2026-03-16","passed","2026-03-16","History — Your Videos","history\yourVideos.spec.js","",""
"","0","@P2 TC-N01 — Clicking Studio nav returns to the Studio page","chromium","2026-03-17","skipped","2026-03-17","Navigation — Header Links","navigation\navigation.spec.js","",""
"","3603","@smoke @P2 TC-N01 — All three nav links are visible in the header","mobile-chrome","2026-03-17","passed","2026-03-17","Navigation — Header Links","navigation\navigation.spec.js","",""
"","0","@P2 TC-S06 — Can switch to Portrait","chromium","2026-03-17","skipped","2026-03-17","Studio — Aspect Ratio","studio\aspectRatio.spec.js","",""
"","3241","@P2 TC-S06 — Can switch back to Landscape from Portrait","mobile-safari","2026-03-17","passed","2026-03-17","Studio — Aspect Ratio","studio\aspectRatio.spec.js","",""
"","1","@P1 TC-S01 — Prompt textarea accepts input and generate button is present","webkit","2026-03-17","skipped","2026-03-17","Studio — Direct Prompt","studio\prompt.spec.js","",""
"","2","@P2 TC-SF04 — High Quality warning disappears when toggle is disabled","chromium","2026-03-17","skipped","2026-03-17","Stock Footage — Generation Settings","stockFootage\generationSettings.spec.js","",""
"","0","@P2 TC-S06 — Can switch to Portrait","webkit","2026-03-17","skipped","2026-03-17","Studio — Aspect Ratio","studio\aspectRatio.spec.js","",""
"","1540","@P1 TC-S03 — Count 1 (minimum (1)) updates generate button label","mobile-chrome","2026-03-17","passed","2026-03-17","Studio — Video Count","studio\videoCount.spec.js","",""
"","0","@P1 TC-S03 — Count 5 (maximum (5)) updates generate button label","firefox","2026-03-17","skipped","2026-03-17","Studio — Video Count","studio\videoCount.spec.js","",""
"","3114","@P2 TC-SF03 — Settings applied: 8s-portrait-standard","mobile-safari","2026-03-17","passed","2026-03-17","Stock Footage — Generation Settings","stockFootage\generationSettings.spec.js","",""
"","0","@P2 TC-N01 — Clicking Studio nav returns to the Studio page","webkit","2026-03-17","skipped","2026-03-17","Navigation — Header Links","navigation\navigation.spec.js","",""
"","2375","@P2 TC-S07 — HQ toggle can be enabled","mobile-safari","2026-03-17","passed","2026-03-17","Studio — High Quality Mode","studio\highQuality.spec.js","",""
"","0","@P2 TC-S07 — HQ toggle can be disabled after enabling","webkit","2026-03-17","skipped","2026-03-17","Studio — High Quality Mode","studio\highQuality.spec.js","",""
"","2099","@P1 TC-S03 — Count 3 (default (3)) updates generate button label","mobile-safari","2026-03-17","passed","2026-03-17","Studio — Video Count","studio\videoCount.spec.js","",""
"","1659","@P2 TC-S04 — Value 0 is rejected or clamped to minimum","mobile-safari","2026-03-17","passed","2026-03-17","Studio — Video Count","studio\videoCount.spec.js","",""
"","1","@P1 TC-SF01 — Parse Script button is visible and enabled when script is present","webkit","2026-03-17","skipped","2026-03-17","Stock Footage — Script Parsing","stockFootage\scriptParsing.spec.js","",""
"","3095","@P1 TC-SF05b — Empty script: submitting shows validation feedback","mobile-safari","2026-03-17","skipped","2026-03-17","Stock Footage — Script Parsing","stockFootage\scriptParsing.spec.js","",""
